,T,gradT,Z,n,Kn,Q,beta
mean,2168.7684838771484,-12646.844641758444,7.169226373808109,1.2257122564500543e+21,0.021858890663914627,28119456947087.566,0.0
std,723.0378196511496,39017.84300501958,12.406378748876218,1.8562579902974082e+21,0.052141845002577666,24719136130742.004,1.0
